student_id,age,gender,parent_edu,lunch,test_prep,studytime,failures,absences,math_score,reading_score,writing_score,avg_score,dropout_risk
1,21,Male,None,Free/Reduced,Completed,2,1,5.0,29,98,0,42.333333333333336,0
2,18,Female,Higher,Free/Reduced,None,1,0,7.0,98,90,59,82.33333333333333,0
3,19,Male,Secondary,Free/Reduced,None,4,0,1.0,21,26,91,46.0,0
4,21,Male,Primary,Standard,None,2,0,1.0,42,7,56,35.0,1
5,17,Male,Secondary,Standard,Completed,4,2,13.0,26,31,2,19.666666666666668,1
6,19,Male,Primary,Free/Reduced,Completed,2,0,4.0,36,83,17,45.333333333333336,0
7,19,Female,Higher,Free/Reduced,None,2,1,8.0,45,63,51,53.0,0
8,21,Female,Secondary,Standard,None,4,2,0.0,34,9,59,34.0,1
9,16,Female,None,Standard,None,2,0,5.0,3,12,33,16.0,1
10,17,Male,Secondary,Standard,Completed,4,1,3.0,79,62,95,78.66666666666667,0
11,21,Female,Higher,Free/Reduced,None,1,0,2.0,79,92,92,87.66666666666667,0
12,17,Male,Higher,Standard,None,4,0,11.0,84,34,88,68.66666666666667,0
13,17,Female,Secondary,Standard,None,1,0,0.0,25,60,59,48.0,0
14,19,Female,Secondary,Standard,None,2,0,7.0,99,53,25,59.0,0
15,18,Female,Primary,Standard,Completed,4,0,3.0,18,7,71,32.0,1
16,17,Male,Higher,Free/Reduced,None,2,1,7.0,80,28,18,42.0,0
17,20,Female,Primary,Standard,Completed,4,0,3.0,44,94,21,53.0,0
18,19,Female,Higher,Free/Reduced,None,1,0,9.0,25,40,92,52.333333333333336,0
19,16,Male,Secondary,Free/Reduced,None,1,0,0.0,21,29,32,27.333333333333332,1
20,18,Female,Secondary,Standard,Completed,4,0,11.0,57,85,37,59.666666666666664,0
21,20,Male,Secondary,Standard,None,1,2,5.0,62,20,34,38.666666666666664,1
22,20,Female,Primary,Standard,Completed,2,2,0.0,27,75,66,56.0,1
23,16,Male,Primary,Free/Reduced,None,2,0,8.0,64,10,82,52.0,0
24,18,Male,Primary,Standard,None,3,1,4.0,43,1,9,17.666666666666668,1
25,19,Female,Primary,Standard,Completed,1,0,0.0,99,49,90,79.33333333333333,0
26,15,Male,Secondary,Free/Reduced,Completed,2,0,7.0,42,40,14,32.0,1
27,18,Male,Primary,Standard,None,4,0,10.0,36,65,10,37.0,1
28,16,Male,None,Free/Reduced,Completed,1,0,11.0,65,97,89,83.66666666666667,0
29,20,Male,Higher,Standard,None,2,0,3.0,16,2,23,13.666666666666666,1
30,19,Male,Higher,Standard,None,1,0,6.0,39,79,76,64.66666666666667,0
31,18,Male,Higher,Standard,None,4,2,5.0,37,50,95,60.666666666666664,1
32,15,Female,Higher,Free/Reduced,Completed,2,2,12.0,84,67,3,51.333333333333336,1
33,15,Male,Primary,Standard,None,3,0,1.0,60,86,12,52.666666666666664,0
34,17,Male,Primary,Free/Reduced,None,3,2,3.0,8,83,72,54.333333333333336,1
35,17,Female,Secondary,Free/Reduced,Completed,1,0,1.0,76,24,56,52.0,0
36,21,Female,Secondary,Standard,None,4,0,0.0,74,29,97,66.66666666666667,0
37,16,Female,Primary,Free/Reduced,None,2,1,6.0,60,81,36,59.0,0
38,18,Female,Higher,Standard,None,4,0,13.0,79,10,47,45.333333333333336,0
39,18,Female,Primary,Standard,Completed,2,0,4.0,15,92,70,59.0,0
40,21,Female,Primary,Standard,None,1,2,1.0,1,16,0,5.666666666666667,1
41,20,Female,Secondary,Free/Reduced,Completed,2,1,6.0,71,25,59,51.666666666666664,0
42,20,Male,Secondary,Standard,Completed,4,1,8.0,42,22,11,25.0,1
43,21,Male,Secondary,Standard,None,4,2,4.0,41,55,20,38.666666666666664,1
44,20,Female,None,Standard,None,1,1,12.0,76,51,10,45.666666666666664,0
45,17,Male,Higher,Standard,Completed,4,1,1.0,56,47,43,48.666666666666664,0
46,18,Male,Primary,Standard,Completed,2,1,4.0,80,19,57,52.0,0
47,21,Male,Primary,Free/Reduced,Completed,1,1,6.0,87,1,43,43.666666666666664,0
48,18,Female,Higher,Free/Reduced,Completed,2,0,7.0,66,87,77,76.66666666666667,0
49,15,Female,Higher,Standard,Completed,4,1,5.0,29,30,97,52.0,0
50,17,Male,Higher,Free/Reduced,Completed,1,1,0.0,12,26,33,23.666666666666668,1
51,19,Female,Higher,Standard,None,2,0,17.0,18,1,24,14.333333333333334,1
52,17,Male,Secondary,Free/Reduced,None,4,1,4.0,6,77,3,28.666666666666668,1
53,21,Male,Secondary,Standard,None,4,0,6.0,8,3,63,24.666666666666668,1
54,19,Male,None,Standard,None,3,1,8.0,82,12,89,61.0,0
55,15,Male,Secondary,Standard,Completed,4,0,2.0,53,99,15,55.666666666666664,0
56,21,Female,Primary,Free/Reduced,None,2,0,5.0,85,34,9,42.666666666666664,0
57,16,Female,Primary,Standard,None,1,2,2.0,81,71,65,72.33333333333333,1
58,18,Female,Secondary,Standard,None,3,0,7.0,60,65,34,53.0,0
59,15,Male,Secondary,Standard,None,4,1,4.0,86,5,82,57.666666666666664,0
60,18,Female,None,Standard,None,4,1,6.0,1,30,5,12.0,1
61,20,Male,Primary,Standard,None,4,2,0.0,49,9,18,25.333333333333332,1
62,16,Female,Secondary,Free/Reduced,Completed,2,0,1.0,74,20,58,50.666666666666664,0
63,16,Male,None,Free/Reduced,None,3,1,0.0,30,73,52,51.666666666666664,0
64,15,Male,Higher,Standard,None,2,2,1.0,32,22,7,20.333333333333332,1
65,16,Male,Secondary,Free/Reduced,None,3,0,0.0,77,2,77,52.0,0
66,19,Female,Secondary,Standard,None,1,0,3.0,79,31,9,39.666666666666664,1
67,16,Female,Secondary,Free/Reduced,Completed,2,1,2.0,10,19,66,31.666666666666668,1
68,18,Female,Higher,Free/Reduced,Completed,2,1,6.0,32,73,37,47.333333333333336,0
69,18,Female,Primary,Standard,None,1,0,5.0,6,28,28,20.666666666666668,1
70,21,Male,Secondary,Free/Reduced,None,3,0,11.0,30,51,14,31.666666666666668,1
71,18,Female,Secondary,Standard,None,4,0,18.0,47,45,86,59.333333333333336,0
72,21,Female,Primary,Standard,Completed,1,1,11.0,46,33,22,33.666666666666664,1
73,18,Male,Higher,Free/Reduced,Completed,4,0,3.0,77,83,81,80.33333333333333,0
74,19,Male,Secondary,Standard,None,4,0,3.0,91,60,45,65.33333333333333,0
75,21,Male,Secondary,Standard,None,1,0,9.0,52,71,82,68.33333333333333,0
76,17,Female,Higher,Standard,None,3,0,0.0,79,70,27,58.666666666666664,0
77,20,Male,Higher,Free/Reduced,None,4,1,3.0,18,69,25,37.333333333333336,1
78,15,Male,Secondary,Standard,None,1,0,4.0,80,10,9,33.0,1
79,18,Male,Higher,Standard,Completed,2,0,8.0,89,81,46,72.0,0
80,16,Female,Secondary,Free/Reduced,None,2,1,8.0,5,92,3,33.333333333333336,1
81,18,Male,Secondary,Free/Reduced,None,2,0,1.0,48,88,54,63.333333333333336,0
82,16,Female,Secondary,Standard,None,1,1,3.0,72,62,65,66.33333333333333,0
83,20,Female,Secondary,Standard,None,2,0,7.0,49,20,66,45.0,0
84,20,Male,Primary,Standard,None,4,0,1.0,80,2,6,29.333333333333332,1
85,20,Male,Higher,Standard,Completed,2,1,11.0,94,81,54,76.33333333333333,0
86,16,Female,Higher,Standard,None,2,1,8.0,11,87,79,59.0,0
87,18,Male,None,Free/Reduced,Completed,4,0,6.0,22,9,30,20.333333333333332,1
88,20,Male,Higher,Standard,None,2,0,7.0,53,26,73,50.666666666666664,0
89,19,Female,Primary,Standard,Completed,4,0,3.0,68,11,18,32.333333333333336,1
90,21,Female,Primary,Standard,Completed,2,1,2.0,99,6,27,44.0,0
91,16,Male,Secondary,Free/Reduced,None,4,0,3.0,58,16,80,51.333333333333336,0
92,16,Female,Primary,Standard,Completed,2,0,7.0,35,64,27,42.0,0
93,18,Male,Higher,Free/Reduced,None,4,1,6.0,2,63,18,27.666666666666668,1
94,16,Male,Higher,Standard,None,1,1,3.0,57,25,86,56.0,0
95,16,Male,Secondary,Standard,Completed,4,0,9.0,87,14,19,40.0,0
96,20,Female,None,Standard,None,2,0,4.0,54,32,12,32.666666666666664,1
97,18,Male,Primary,Standard,None,2,0,2.0,56,61,76,64.33333333333333,0
98,20,Male,Secondary,Standard,None,3,0,6.0,16,46,42,34.666666666666664,1
99,21,Male,Higher,Standard,Completed,4,0,0.0,38,94,10,47.333333333333336,0
100,21,Female,Secondary,Standard,Completed,1,2,0.0,89,34,47,56.666666666666664,1
101,20,Female,Primary,Free/Reduced,Completed,4,0,5.0,67,64,14,48.333333333333336,0
102,21,Female,Secondary,Standard,Completed,4,0,2.0,54,71,16,47.0,0
103,18,Female,Secondary,Free/Reduced,Completed,1,0,4.0,44,75,53,57.333333333333336,0
104,15,Female,Secondary,Standard,None,4,2,0.0,75,82,49,68.66666666666667,1
105,20,Male,Primary,Standard,None,1,0,11.0,0,24,27,17.0,1
106,19,Female,Secondary,Standard,None,1,0,2.0,20,56,82,52.666666666666664,0
107,19,Female,Secondary,Standard,None,4,0,3.0,82,31,3,38.666666666666664,1
108,16,Female,Higher,Standard,Completed,4,0,7.0,20,62,21,34.333333333333336,1
109,21,Male,Primary,Standard,Completed,2,1,0.0,51,11,85,49.0,0
110,19,Female,Secondary,Standard,Completed,2,0,0.0,81,62,38,60.333333333333336,0
111,16,Female,Higher,Standard,Completed,3,0,7.0,42,76,33,50.333333333333336,0
112,15,Male,Primary,Standard,None,3,1,3.0,51,91,96,79.33333333333333,0
113,18,Female,Higher,Free/Reduced,None,4,0,0.0,66,0,43,36.333333333333336,1
114,18,Male,Secondary,Free/Reduced,Completed,1,0,8.0,43,50,41,44.666666666666664,0
115,18,Male,None,Free/Reduced,Completed,3,0,1.0,31,69,39,46.333333333333336,0
116,19,Male,Primary,Free/Reduced,None,4,0,4.0,9,7,96,37.333333333333336,1
117,15,Male,Secondary,Standard,None,3,1,1.0,63,67,11,47.0,0
118,19,Male,None,Standard,Completed,1,0,7.0,78,4,1,27.666666666666668,1
119,21,Female,Secondary,Free/Reduced,None,4,1,12.0,68,88,27,61.0,0
120,19,Male,Primary,Standard,None,1,2,0.0,67,85,73,75.0,1
121,15,Male,Secondary,Standard,Completed,4,1,6.0,27,91,85,67.66666666666667,0
122,15,Female,None,Standard,Completed,3,1,9.0,52,38,80,56.666666666666664,0
123,21,Male,Higher,Standard,None,2,2,3.0,50,22,89,53.666666666666664,1
124,15,Female,Higher,Standard,None,3,0,0.0,52,67,66,61.666666666666664,0
125,15,Female,Higher,Free/Reduced,None,3,2,7.0,3,51,70,41.333333333333336,1
126,18,Female,Secondary,Standard,Completed,2,1,10.0,78,3,71,50.666666666666664,0
127,21,Male,Primary,Standard,Completed,2,0,9.0,16,46,83,48.333333333333336,0
128,17,Male,Secondary,Free/Reduced,None,4,0,7.0,66,20,75,53.666666666666664,0
129,17,Male,None,Standard,None,4,0,5.0,73,55,98,75.33333333333333,0
130,15,Female,None,Standard,Completed,1,1,1.0,46,65,80,63.666666666666664,0
131,17,Male,Primary,Standard,None,1,1,9.0,55,58,91,68.0,0
132,17,Male,Secondary,Free/Reduced,None,3,0,9.0,22,6,9,12.333333333333334,1
133,15,Male,Secondary,Free/Reduced,None,2,0,0.0,17,48,85,50.0,0
134,17,Female,Secondary,Standard,None,1,0,7.0,0,15,56,23.666666666666668,1
135,19,Female,Secondary,Free/Reduced,None,3,0,8.0,34,16,96,48.666666666666664,0
136,16,Male,Primary,Standard,None,2,0,9.0,63,83,85,77.0,0
137,21,Male,Higher,Free/Reduced,None,4,0,5.0,57,86,36,59.666666666666664,0
138,16,Male,Secondary,Free/Reduced,Completed,3,0,1.0,94,97,76,89.0,0
139,15,Male,Secondary,Free/Reduced,None,4,0,2.0,58,74,90,74.0,0
140,18,Female,Primary,Standard,Completed,1,0,0.0,0,33,63,32.0,1
141,21,Female,Secondary,Free/Reduced,None,1,2,5.0,2,32,78,37.333333333333336,1
142,15,Female,Secondary,Free/Reduced,Completed,2,0,4.0,66,25,85,58.666666666666664,0
143,18,Female,Primary,Standard,Completed,3,0,16.0,36,65,93,64.66666666666667,0
144,16,Male,None,Free/Reduced,Completed,4,1,9.0,82,62,39,61.0,0
145,15,Male,Secondary,Standard,Completed,2,0,10.0,28,86,97,70.33333333333333,0
146,21,Male,Secondary,Free/Reduced,None,1,0,7.0,88,40,59,62.333333333333336,0
147,21,Female,Primary,Standard,None,1,0,3.0,32,85,97,71.33333333333333,0
148,20,Male,Higher,Free/Reduced,None,3,0,4.0,99,57,47,67.66666666666667,0
149,19,Female,Primary,Standard,Completed,4,1,4.0,60,97,98,85.0,0
150,17,Female,Secondary,Standard,Completed,3,1,6.0,92,78,18,62.666666666666664,0
151,18,Male,Higher,Standard,Completed,4,0,7.0,89,9,71,56.333333333333336,0
152,20,Male,Secondary,Standard,Completed,4,1,5.0,3,14,32,16.333333333333332,1
153,17,Male,Secondary,Standard,None,3,1,4.0,13,41,43,32.333333333333336,1
154,17,Female,Primary,Standard,Completed,2,0,2.0,90,92,91,91.0,0
155,15,Male,Primary,Standard,Completed,3,1,0.0,32,56,36,41.333333333333336,0
156,17,Female,Higher,Standard,Completed,3,1,11.0,21,86,88,65.0,0
157,19,Male,Secondary,Standard,Completed,1,1,16.0,47,16,35,32.666666666666664,1
158,21,Female,Higher,Free/Reduced,None,1,0,11.0,2,59,80,47.0,0
159,20,Female,Primary,Standard,None,3,3,0.0,86,8,87,60.333333333333336,1
160,17,Male,Primary,Free/Reduced,Completed,3,1,9.0,84,35,20,46.333333333333336,0
161,15,Female,None,Free/Reduced,Completed,1,0,10.0,22,72,1,31.666666666666668,1
162,19,Female,Secondary,Standard,Completed,4,0,3.0,67,79,30,58.666666666666664,0
163,16,Male,Primary,Standard,Completed,3,0,7.0,20,35,96,50.333333333333336,0
164,21,Female,Higher,Free/Reduced,Completed,2,0,3.0,42,47,29,39.333333333333336,1
165,21,Male,Secondary,Standard,None,2,0,13.0,94,50,75,73.0,0
166,20,Female,Higher,Standard,None,2,0,7.0,84,96,43,74.33333333333333,0
167,21,Male,Primary,Standard,None,3,1,0.0,25,94,11,43.333333333333336,0
168,17,Male,Higher,Free/Reduced,None,4,0,8.0,40,69,50,53.0,0
169,15,Female,Secondary,Standard,None,4,0,10.0,98,73,48,73.0,0
170,21,Female,Secondary,Standard,None,1,1,6.0,37,79,23,46.333333333333336,0
171,21,Female,Higher,Free/Reduced,None,3,1,7.0,87,67,23,59.0,0
172,16,Female,Secondary,Free/Reduced,None,4,0,5.0,10,21,59,30.0,1
173,16,Female,Secondary,Standard,Completed,3,0,0.0,28,76,10,38.0,1
174,18,Male,Primary,Standard,None,1,0,4.0,59,79,12,50.0,0
175,19,Female,None,Free/Reduced,None,1,0,8.0,66,92,90,82.66666666666667,0
176,17,Male,Higher,Standard,None,1,0,4.0,64,5,71,46.666666666666664,0
177,21,Male,Secondary,Standard,None,2,0,9.0,60,25,73,52.666666666666664,0
178,21,Female,Secondary,Standard,None,3,2,3.0,18,74,71,54.333333333333336,1
179,15,Male,Secondary,Free/Reduced,Completed,1,0,3.0,45,87,63,65.0,0
180,18,Male,Primary,Standard,None,3,0,9.0,48,92,19,53.0,0
181,19,Male,Primary,Free/Reduced,Completed,2,0,6.0,21,2,71,31.333333333333332,1
182,18,Male,Secondary,Free/Reduced,Completed,2,1,3.0,77,51,72,66.66666666666667,0
183,20,Female,Secondary,Standard,Completed,1,1,10.0,56,73,70,66.33333333333333,0
184,19,Male,Primary,Standard,None,1,1,2.0,13,59,77,49.666666666666664,0
185,21,Female,Secondary,Standard,Completed,4,1,1.0,43,62,27,44.0,0
186,21,Female,None,Standard,Completed,3,1,0.0,15,64,1,26.666666666666668,1
187,19,Male,Secondary,Standard,None,1,0,2.0,96,51,42,63.0,0
188,21,Female,Primary,Free/Reduced,Completed,4,3,12.0,76,89,7,57.333333333333336,1
189,17,Female,Secondary,Standard,None,3,1,0.0,11,75,12,32.666666666666664,1
190,19,Female,Primary,Free/Reduced,None,1,0,0.0,54,13,84,50.333333333333336,0
191,18,Male,Secondary,Standard,Completed,4,0,7.0,50,88,91,76.33333333333333,0
192,19,Female,None,Standard,None,4,1,0.0,38,71,34,47.666666666666664,0
193,21,Female,None,Standard,Completed,3,0,2.0,32,67,22,40.333333333333336,0
194,17,Female,Primary,Standard,None,4,0,11.0,32,27,45,34.666666666666664,1
195,17,Male,Secondary,Free/Reduced,None,3,1,15.0,28,70,14,37.333333333333336,1
196,20,Female,Secondary,Standard,None,3,0,6.0,68,9,1,26.0,1
197,18,Male,Primary,Standard,None,3,0,0.0,69,56,60,61.666666666666664,0
198,16,Male,Secondary,Standard,Completed,2,0,0.0,30,99,75,68.0,0
199,16,Male,Higher,Standard,Completed,4,0,6.0,79,65,63,69.0,0
200,19,Male,Secondary,Standard,None,3,1,6.0,30,89,51,56.666666666666664,0
201,20,Male,None,Standard,None,1,1,14.0,88,49,35,57.333333333333336,0
202,15,Male,Secondary,Free/Reduced,None,2,1,10.0,45,13,66,41.333333333333336,0
203,19,Female,Primary,Standard,None,2,0,5.0,96,15,68,59.666666666666664,0
204,20,Male,Primary,Free/Reduced,None,4,1,3.0,76,53,66,65.0,0
205,18,Female,Higher,Standard,None,3,0,20.0,51,42,46,46.333333333333336,0
206,18,Female,Primary,Standard,Completed,4,1,8.0,9,41,82,44.0,0
207,18,Male,Secondary,Standard,None,2,1,2.0,87,80,1,56.0,0
208,18,Female,Secondary,Standard,None,3,1,4.0,73,21,43,45.666666666666664,0
209,18,Female,Secondary,Standard,Completed,1,0,1.0,40,67,63,56.666666666666664,0
210,20,Female,Secondary,Standard,None,3,1,0.0,94,18,80,64.0,0
211,20,Female,None,Standard,None,2,0,7.0,76,65,77,72.66666666666667,0
212,17,Male,Primary,Standard,None,1,0,14.0,2,38,27,22.333333333333332,1
213,16,Female,Secondary,Standard,Completed,3,0,0.0,58,72,90,73.33333333333333,0
214,21,Male,None,Free/Reduced,Completed,1,0,5.0,51,18,53,40.666666666666664,0
215,18,Female,Primary,Standard,None,1,0,1.0,33,15,73,40.333333333333336,0
216,15,Female,None,Standard,None,2,1,8.0,48,53,66,55.666666666666664,0
217,21,Male,None,Standard,Completed,1,0,4.0,27,24,35,28.666666666666668,1
218,20,Female,Primary,Standard,Completed,4,0,0.0,82,17,62,53.666666666666664,0
219,15,Female,Primary,Standard,None,2,0,0.0,86,22,24,44.0,0
220,15,Female,Secondary,Standard,Completed,4,1,1.0,95,84,85,88.0,0
221,15,Male,Secondary,Standard,None,1,1,12.0,12,10,47,23.0,1
222,17,Female,Higher,Standard,None,4,1,11.0,96,38,38,57.333333333333336,0
223,20,Male,Primary,Standard,Completed,3,1,3.0,97,67,46,70.0,0
224,15,Female,Primary,Standard,None,1,0,11.0,96,24,93,71.0,0
225,18,Male,Primary,Standard,Completed,3,0,4.0,68,62,20,50.0,0
226,19,Male,Secondary,Standard,Completed,4,0,3.0,66,95,29,63.333333333333336,0
227,15,Female,Secondary,Standard,None,3,1,5.0,60,29,91,60.0,0
228,17,Female,None,Free/Reduced,None,1,0,6.0,59,44,30,44.333333333333336,0
229,21,Male,Higher,Standard,None,3,1,2.0,70,89,25,61.333333333333336,0
230,20,Male,None,Standard,None,4,2,5.0,23,60,21,34.666666666666664,1
231,17,Female,Secondary,Standard,Completed,4,1,9.0,62,99,20,60.333333333333336,0
232,15,Male,Secondary,Free/Reduced,Completed,4,0,6.0,85,50,0,45.0,0
233,20,Female,Higher,Standard,Completed,1,0,5.0,60,97,36,64.33333333333333,0
234,19,Female,Secondary,Standard,Completed,4,0,7.0,22,8,76,35.333333333333336,1
235,15,Female,Higher,Standard,Completed,1,2,8.0,29,75,84,62.666666666666664,1
236,17,Female,Primary,Standard,Completed,3,0,5.0,59,1,45,35.0,1
237,16,Male,Higher,Standard,None,4,1,3.0,17,4,8,9.666666666666666,1
238,18,Female,None,Standard,None,3,0,6.0,95,61,16,57.333333333333336,0
239,21,Male,Higher,Free/Reduced,None,2,0,0.0,55,68,46,56.333333333333336,0
240,17,Female,Secondary,Standard,None,3,1,4.0,52,51,84,62.333333333333336,0
241,20,Male,Higher,Free/Reduced,Completed,2,2,0.0,6,85,94,61.666666666666664,1
242,15,Female,Secondary,Free/Reduced,Completed,3,0,0.0,96,4,58,52.666666666666664,0
243,18,Male,Secondary,Standard,None,1,1,0.0,68,58,53,59.666666666666664,0
244,15,Male,Secondary,Standard,None,3,2,10.0,91,67,85,81.0,1
245,20,Female,Secondary,Standard,Completed,1,1,5.0,71,8,11,30.0,1
246,15,Female,None,Standard,None,1,1,0.0,78,92,63,77.66666666666667,0
247,16,Female,None,Standard,None,4,0,7.0,51,21,5,25.666666666666668,1
248,18,Female,Primary,Free/Reduced,None,1,0,10.0,3,26,52,27.0,1
249,18,Male,Primary,Free/Reduced,Completed,2,1,8.0,33,9,15,19.0,1
250,20,Female,Higher,Standard,None,4,1,4.0,68,79,89,78.66666666666667,0
251,21,Male,Primary,Standard,None,4,1,6.0,32,60,4,32.0,1
252,16,Male,Higher,Free/Reduced,None,3,1,10.0,68,50,72,63.333333333333336,0
253,17,Female,Primary,Free/Reduced,None,1,0,3.0,37,9,45,30.333333333333332,1
254,15,Male,Primary,Free/Reduced,None,1,0,5.0,97,5,13,38.333333333333336,1
255,19,Male,Secondary,Standard,None,2,1,4.0,25,61,43,43.0,0
256,15,Male,Secondary,Standard,Completed,3,0,0.0,0,4,62,22.0,1
257,15,Male,Secondary,Standard,None,3,3,10.0,3,69,93,55.0,1
258,17,Female,Secondary,Standard,None,4,0,15.0,38,62,51,50.333333333333336,0
259,15,Female,Secondary,Standard,None,4,1,1.0,53,55,25,44.333333333333336,0
260,16,Female,Primary,Standard,Completed,4,1,10.0,89,58,52,66.33333333333333,0
261,16,Female,Higher,Standard,Completed,2,0,1.0,32,62,28,40.666666666666664,0
262,18,Male,Higher,Standard,None,2,0,6.0,32,88,18,46.0,0
263,20,Male,Secondary,Standard,None,4,0,13.0,71,58,46,58.333333333333336,0
264,21,Female,Primary,Standard,None,3,0,2.0,19,50,7,25.333333333333332,1
265,19,Female,Secondary,Standard,None,2,0,5.0,15,49,22,28.666666666666668,1
266,15,Female,None,Standard,None,3,1,0.0,20,3,34,19.0,1
267,15,Male,None,Standard,None,3,1,2.0,44,47,94,61.666666666666664,0
268,17,Female,Primary,Free/Reduced,None,1,0,0.0,89,31,52,57.333333333333336,0
269,20,Female,Secondary,Standard,None,4,0,7.0,86,50,98,78.0,0
270,16,Female,Higher,Standard,None,1,1,9.0,81,51,95,75.66666666666667,0
271,19,Male,Secondary,Standard,Completed,4,1,4.0,61,98,57,72.0,0
272,18,Male,Secondary,Free/Reduced,None,4,1,6.0,30,73,4,35.666666666666664,1
273,16,Male,Secondary,Standard,None,3,0,3.0,41,33,15,29.666666666666668,1
274,20,Male,Primary,Standard,Completed,4,1,9.0,11,35,16,20.666666666666668,1
275,21,Male,Primary,Standard,Completed,3,1,6.0,64,69,31,54.666666666666664,0
276,18,Male,Higher,Standard,Completed,3,0,0.0,72,42,95,69.66666666666667,0
277,21,Male,None,Standard,Completed,4,1,10.0,2,15,51,22.666666666666668,1
278,17,Male,Higher,Standard,Completed,3,0,3.0,89,58,19,55.333333333333336,0
279,17,Female,Secondary,Free/Reduced,None,3,0,0.0,8,52,65,41.666666666666664,0
280,15,Female,Secondary,Standard,None,3,1,3.0,50,18,83,50.333333333333336,0
281,21,Male,Secondary,Free/Reduced,None,2,1,0.0,15,97,81,64.33333333333333,0
282,20,Male,Secondary,Free/Reduced,Completed,3,2,0.0,87,88,0,58.333333333333336,1
283,19,Female,Higher,Standard,Completed,2,0,6.0,77,94,57,76.0,0
284,18,Male,Higher,Free/Reduced,None,2,0,6.0,2,40,92,44.666666666666664,0
285,16,Male,Secondary,Standard,Completed,3,1,7.0,97,80,92,89.66666666666667,0
286,20,Male,Primary,Standard,None,3,1,5.0,96,46,82,74.66666666666667,0
287,20,Female,Secondary,Standard,None,2,0,2.0,23,93,43,53.0,0
288,17,Female,Higher,Standard,None,2,0,5.0,72,53,5,43.333333333333336,0
289,21,Female,Primary,Standard,Completed,3,0,3.0,12,54,49,38.333333333333336,1
290,15,Female,Secondary,Standard,None,3,0,0.0,1,94,71,55.333333333333336,0
291,15,Female,Secondary,Standard,Completed,4,1,1.0,70,18,87,58.333333333333336,0
292,18,Male,Secondary,Standard,None,2,0,9.0,20,61,19,33.333333333333336,1
293,17,Female,Primary,Standard,None,2,3,13.0,18,98,13,43.0,1
294,20,Male,Secondary,Standard,Completed,4,0,8.0,88,92,4,61.333333333333336,0
295,19,Male,Higher,Standard,Completed,2,0,13.0,46,58,40,48.0,0
296,17,Female,Primary,Standard,Completed,1,1,5.0,21,64,39,41.333333333333336,0
297,18,Female,Primary,Free/Reduced,None,2,0,14.0,74,67,33,58.0,0
298,18,Male,Higher,Standard,Completed,4,0,15.0,32,27,79,46.0,0
299,17,Male,Primary,Free/Reduced,None,1,0,0.0,31,17,44,30.666666666666668,1
300,18,Male,Higher,Standard,Completed,3,0,6.0,63,25,70,52.666666666666664,0
301,17,Female,Secondary,Standard,None,4,0,5.0,84,18,79,60.333333333333336,0
302,16,Female,Primary,Standard,None,4,0,3.0,38,54,70,54.0,0
303,17,Female,Higher,Standard,None,3,1,7.0,83,56,26,55.0,0
304,21,Female,Secondary,Standard,None,4,2,5.0,71,5,77,51.0,1
305,17,Female,Secondary,Free/Reduced,Completed,2,0,1.0,41,0,77,39.333333333333336,1
306,18,Male,Primary,Standard,Completed,3,0,5.0,8,7,43,19.333333333333332,1
307,21,Female,Secondary,Free/Reduced,None,4,1,11.0,24,96,32,50.666666666666664,0
308,18,Male,Primary,Free/Reduced,Completed,3,0,6.0,88,50,32,56.666666666666664,0
309,15,Male,Primary,Free/Reduced,None,3,0,8.0,96,84,43,74.33333333333333,0
310,15,Male,Higher,Free/Reduced,Completed,3,0,4.0,1,87,19,35.666666666666664,1
311,21,Female,Primary,Standard,Completed,1,0,7.0,18,24,35,25.666666666666668,1
312,16,Female,Secondary,Standard,Completed,4,0,0.0,19,46,6,23.666666666666668,1
313,15,Female,Primary,Standard,None,1,0,3.0,92,54,31,59.0,0
314,17,Male,Secondary,Standard,Completed,4,1,4.0,69,63,66,66.0,0
315,18,Male,Primary,Standard,None,2,0,0.0,16,82,38,45.333333333333336,0
316,15,Male,Higher,Free/Reduced,Completed,2,0,1.0,88,92,92,90.66666666666667,0
317,15,Male,Secondary,Standard,None,2,1,7.0,67,9,23,33.0,1
318,16,Male,Primary,Standard,Completed,4,0,6.0,93,55,85,77.66666666666667,0
319,21,Male,None,Standard,None,3,0,9.0,83,11,69,54.333333333333336,0
320,21,Female,Primary,Standard,None,3,0,2.0,2,32,87,40.333333333333336,0
321,20,Female,Secondary,Standard,Completed,1,2,5.0,86,70,86,80.66666666666667,1
322,16,Female,Primary,Free/Reduced,None,1,0,2.0,50,16,53,39.666666666666664,1
323,17,Female,Higher,Standard,None,2,1,9.0,81,60,37,59.333333333333336,0
324,21,Male,Secondary,Standard,None,1,0,11.0,25,9,73,35.666666666666664,1
325,18,Male,Primary,Standard,None,4,0,7.0,55,30,79,54.666666666666664,0
326,16,Female,Secondary,Standard,Completed,4,1,10.0,99,59,74,77.33333333333333,0
327,15,Male,Secondary,Standard,None,1,0,5.0,63,69,31,54.333333333333336,0
328,18,Female,Primary,Standard,Completed,1,1,9.0,7,16,44,22.333333333333332,1
329,18,Female,Primary,Standard,Completed,1,0,5.0,80,49,60,63.0,0
330,15,Female,None,Standard,None,1,1,0.0,94,36,69,66.33333333333333,0
331,16,Male,Secondary,Standard,Completed,2,1,6.0,36,81,87,68.0,0
332,15,Female,Secondary,Standard,None,2,0,0.0,96,61,96,84.33333333333333,0
333,20,Female,Secondary,Standard,None,1,0,17.0,26,89,52,55.666666666666664,0
334,18,Female,Higher,Standard,None,4,0,3.0,44,79,50,57.666666666666664,0
335,19,Male,Higher,Standard,None,2,0,8.0,3,71,75,49.666666666666664,0
336,19,Male,Secondary,Free/Reduced,Completed,4,1,5.0,85,87,55,75.66666666666667,0
337,17,Female,Higher,Standard,Completed,3,0,0.0,89,76,26,63.666666666666664,0
338,21,Male,Primary,Standard,None,4,0,0.0,95,28,37,53.333333333333336,0
339,15,Male,Primary,Standard,Completed,1,1,9.0,87,31,61,59.666666666666664,0
340,15,Male,Primary,Standard,Completed,3,0,13.0,98,87,17,67.33333333333333,0
341,17,Male,None,Standard,Completed,2,0,1.0,36,79,63,59.333333333333336,0
342,17,Male,Secondary,Standard,None,2,0,0.0,95,10,76,60.333333333333336,0
343,17,Male,Higher,Free/Reduced,None,3,0,3.0,70,95,29,64.66666666666667,0
344,18,Male,None,Standard,Completed,4,1,0.0,32,5,48,28.333333333333332,1
345,20,Male,Primary,Standard,None,2,0,2.0,30,34,40,34.666666666666664,1
346,15,Male,Secondary,Standard,Completed,1,0,8.0,54,32,12,32.666666666666664,1
347,18,Male,Higher,Standard,Completed,3,1,5.0,11,17,33,20.333333333333332,1
348,17,Female,Primary,Standard,None,1,0,1.0,10,36,99,48.333333333333336,0
349,15,Female,Secondary,Standard,None,3,0,8.0,87,12,93,64.0,0
350,18,Male,None,Free/Reduced,None,2,0,8.0,71,73,24,56.0,0
351,20,Female,Primary,Standard,Completed,4,0,3.0,31,89,65,61.666666666666664,0
352,18,Female,Higher,Standard,None,3,0,6.0,56,80,99,78.33333333333333,0
353,20,Male,Higher,Free/Reduced,None,3,0,8.0,37,63,17,39.0,1
354,17,Male,None,Standard,None,1,0,7.0,59,0,4,21.0,1
355,20,Male,Higher,Free/Reduced,None,2,0,5.0,85,62,18,55.0,0
356,15,Female,Secondary,Standard,None,1,0,12.0,97,88,41,75.33333333333333,0
357,17,Female,Higher,Free/Reduced,None,2,0,8.0,18,33,17,22.666666666666668,1
358,15,Male,Secondary,Standard,None,1,4,3.0,83,9,31,41.0,1
359,19,Male,Secondary,Free/Reduced,None,3,1,3.0,55,83,20,52.666666666666664,0
360,16,Male,Secondary,Free/Reduced,None,1,1,2.0,13,6,9,9.333333333333334,1
361,20,Female,Secondary,Standard,None,4,0,8.0,32,55,36,41.0,0
362,16,Female,Primary,Free/Reduced,None,2,1,2.0,9,79,48,45.333333333333336,0
363,16,Female,None,Standard,Completed,2,0,3.0,79,36,85,66.66666666666667,0
364,20,Female,Primary,Standard,Completed,3,1,10.0,63,28,12,34.333333333333336,1
365,17,Male,Secondary,Standard,None,2,0,6.0,63,11,54,42.666666666666664,0
366,19,Male,Primary,Standard,None,4,1,11.0,61,16,16,31.0,1
367,15,Male,Secondary,Standard,None,1,0,9.0,67,47,8,40.666666666666664,0
368,18,Male,Higher,Standard,Completed,3,0,0.0,90,83,87,86.66666666666667,0
369,15,Female,None,Standard,None,4,0,4.0,91,25,43,53.0,0
370,18,Female,Secondary,Free/Reduced,Completed,2,1,10.0,42,82,77,67.0,0
371,15,Male,Secondary,Free/Reduced,None,2,0,0.0,79,11,45,45.0,0
372,20,Male,Higher,Standard,None,4,0,7.0,58,20,7,28.333333333333332,1
373,19,Female,Primary,Standard,None,1,0,5.0,51,41,36,42.666666666666664,0
374,18,Male,Secondary,Standard,None,1,1,0.0,96,60,18,58.0,0
375,21,Female,Higher,Standard,None,3,0,6.0,18,57,62,45.666666666666664,0
376,17,Male,Higher,Standard,None,2,0,1.0,20,53,91,54.666666666666664,0
377,15,Male,Secondary,Standard,Completed,4,2,0.0,21,33,45,33.0,1
378,15,Male,Secondary,Standard,None,1,0,5.0,8,6,93,35.666666666666664,1
379,18,Male,Secondary,Free/Reduced,None,3,0,0.0,8,34,70,37.333333333333336,1
380,17,Male,Higher,Standard,None,2,1,2.0,72,14,25,37.0,1
381,17,Male,Secondary,Standard,Completed,2,1,18.0,26,64,45,45.0,0
382,20,Male,None,Standard,None,3,1,8.0,16,89,45,50.0,0
383,21,Female,Higher,Standard,Completed,3,0,1.0,43,98,74,71.66666666666667,0
384,20,Female,Secondary,Standard,None,1,0,12.0,44,24,13,27.0,1
385,20,Female,Secondary,Standard,None,4,0,0.0,7,58,84,49.666666666666664,0
386,20,Female,Primary,Standard,None,2,2,2.0,79,78,62,73.0,1
387,20,Female,Secondary,Standard,None,4,0,0.0,17,85,71,57.666666666666664,0
388,20,Male,Primary,Free/Reduced,Completed,2,0,6.0,32,5,2,13.0,1
389,19,Male,Secondary,Free/Reduced,Completed,2,1,12.0,0,51,27,26.0,1
390,17,Female,Primary,Standard,None,4,0,0.0,75,78,28,60.333333333333336,0
391,20,Male,Secondary,Standard,None,3,1,0.0,5,87,86,59.333333333333336,0
392,17,Female,Higher,Standard,Completed,1,0,10.0,40,20,17,25.666666666666668,1
393,17,Female,None,Standard,None,2,0,13.0,54,70,34,52.666666666666664,0
394,16,Male,Higher,Standard,None,3,0,0.0,4,92,76,57.333333333333336,0
395,19,Male,Secondary,Standard,None,2,1,7.0,58,95,75,76.0,0
396,20,Male,Higher,Standard,None,1,0,6.0,79,31,46,52.0,0
397,15,Female,Secondary,Standard,Completed,2,0,1.0,17,52,4,24.333333333333332,1
398,18,Male,Secondary,Standard,Completed,1,1,0.0,48,58,74,60.0,0
399,21,Female,Secondary,Free/Reduced,None,1,0,10.0,81,68,58,69.0,0
400,15,Female,Higher,Free/Reduced,None,2,0,6.0,64,61,74,66.33333333333333,0
401,19,Female,Secondary,Free/Reduced,None,2,0,6.0,82,3,58,47.666666666666664,0
402,18,Male,Primary,Standard,None,1,0,2.0,53,85,46,61.333333333333336,0
403,19,Male,Secondary,Free/Reduced,None,3,2,1.0,60,17,94,57.0,1
404,17,Female,Higher,Standard,None,4,0,0.0,7,98,94,66.33333333333333,0
405,18,Male,Secondary,Free/Reduced,None,1,1,4.0,2,80,12,31.333333333333332,1
406,17,Male,Secondary,Standard,None,2,1,12.0,24,55,77,52.0,0
407,15,Male,Secondary,Free/Reduced,None,2,3,1.0,68,23,88,59.666666666666664,1
408,15,Female,Higher,Standard,Completed,3,0,0.0,54,65,32,50.333333333333336,0
409,18,Female,Primary,Free/Reduced,None,4,1,7.0,39,12,96,49.0,0
410,18,Male,Secondary,Free/Reduced,Completed,1,0,8.0,82,61,61,68.0,0
411,20,Female,None,Standard,None,1,1,2.0,81,53,78,70.66666666666667,0
412,19,Male,Primary,Standard,None,4,1,3.0,49,14,15,26.0,1
413,20,Male,Primary,Free/Reduced,None,1,1,6.0,94,68,43,68.33333333333333,0
414,19,Male,Primary,Standard,Completed,4,0,4.0,32,2,57,30.333333333333332,1
415,20,Male,Secondary,Free/Reduced,Completed,2,0,10.0,17,36,5,19.333333333333332,1
416,17,Female,Primary,Standard,Completed,4,0,17.0,56,36,88,60.0,0
417,18,Female,Secondary,Standard,None,1,0,0.0,15,2,14,10.333333333333334,1
418,15,Female,Primary,Standard,Completed,4,2,11.0,79,62,3,48.0,1
419,19,Male,Primary,Standard,None,3,1,6.0,37,34,55,42.0,0
420,19,Male,Primary,Free/Reduced,None,2,1,12.0,40,51,63,51.333333333333336,0
421,15,Male,None,Standard,None,2,1,9.0,6,86,67,53.0,0
422,20,Female,Secondary,Standard,None,4,1,5.0,77,27,93,65.66666666666667,0
423,19,Male,Secondary,Standard,Completed,1,0,9.0,52,93,33,59.333333333333336,0
424,21,Female,Secondary,Standard,None,3,1,3.0,62,17,90,56.333333333333336,0
425,17,Female,Secondary,Free/Reduced,None,2,1,1.0,88,35,94,72.33333333333333,0
426,18,Female,Primary,Free/Reduced,Completed,2,1,9.0,31,32,55,39.333333333333336,1
427,15,Female,Higher,Standard,None,1,0,1.0,37,63,31,43.666666666666664,0
428,18,Female,Secondary,Free/Reduced,Completed,1,0,8.0,21,25,8,18.0,1
429,21,Female,Secondary,Free/Reduced,None,3,0,5.0,15,47,62,41.333333333333336,0
430,19,Male,None,Standard,None,4,0,0.0,51,39,71,53.666666666666664,0
431,19,Male,Primary,Free/Reduced,Completed,1,0,2.0,28,16,77,40.333333333333336,0
432,21,Female,Primary,Standard,None,4,0,7.0,15,39,32,28.666666666666668,1
433,15,Female,Primary,Standard,None,3,0,3.0,75,6,86,55.666666666666664,0
434,17,Male,Secondary,Free/Reduced,None,4,0,0.0,16,56,20,30.666666666666668,1
435,16,Female,Secondary,Standard,None,2,1,12.0,63,7,54,41.333333333333336,0
436,15,Female,Secondary,Free/Reduced,None,4,0,6.0,90,55,75,73.33333333333333,0
437,16,Male,Secondary,Free/Reduced,Completed,3,1,7.0,88,30,56,58.0,0
438,21,Female,Higher,Standard,Completed,3,1,3.0,12,58,1,23.666666666666668,1
439,20,Female,Secondary,Free/Reduced,Completed,3,0,8.0,71,57,12,46.666666666666664,0
440,16,Female,Higher,Standard,None,4,0,14.0,55,11,3,23.0,1
441,17,Male,None,Standard,None,2,1,1.0,4,47,83,44.666666666666664,0
442,20,Male,Primary,Standard,None,1,0,13.0,11,30,49,30.0,1
443,16,Male,None,Free/Reduced,None,2,0,7.0,40,82,47,56.333333333333336,0
444,21,Female,Secondary,Standard,Completed,4,1,1.0,2,62,77,47.0,0
445,20,Female,Higher,Standard,Completed,4,0,16.0,98,73,29,66.66666666666667,0
446,21,Male,Primary,Standard,Completed,1,2,7.0,32,38,28,32.666666666666664,1
447,16,Female,Higher,Free/Reduced,Completed,4,2,8.0,85,75,7,55.666666666666664,1
448,21,Female,None,Standard,Completed,3,0,4.0,49,19,11,26.333333333333332,1
449,17,Female,Higher,Standard,None,3,0,1.0,55,47,40,47.333333333333336,0
450,16,Female,Primary,Standard,Completed,3,2,6.0,8,70,25,34.333333333333336,1
451,16,Female,Primary,Standard,Completed,3,1,13.0,81,53,49,61.0,0
452,16,Male,Secondary,Free/Reduced,Completed,3,0,3.0,49,77,1,42.333333333333336,0
453,15,Female,Primary,Standard,Completed,4,0,5.0,28,74,54,52.0,0
454,15,Male,Primary,Standard,None,1,0,12.0,38,70,55,54.333333333333336,0
455,15,Female,Primary,Free/Reduced,None,1,1,3.0,90,28,13,43.666666666666664,0
456,17,Male,Higher,Standard,None,3,1,8.0,99,73,5,59.0,0
457,20,Female,Secondary,Free/Reduced,None,4,0,9.0,44,92,94,76.66666666666667,0
458,21,Male,Primary,Standard,Completed,2,1,4.0,16,72,80,56.0,0
459,19,Female,Secondary,Free/Reduced,None,2,0,7.0,55,99,88,80.66666666666667,0
460,16,Male,Secondary,Standard,Completed,4,0,8.0,97,47,60,68.0,0
461,21,Female,Primary,Standard,Completed,3,1,3.0,45,73,95,71.0,0
462,16,Male,Secondary,Free/Reduced,Completed,1,0,9.0,66,82,11,53.0,0
463,17,Female,Primary,Free/Reduced,Completed,4,0,2.0,68,55,12,45.0,0
464,16,Male,Primary,Free/Reduced,Completed,2,0,2.0,13,94,18,41.666666666666664,0
465,15,Male,Secondary,Standard,Completed,2,1,0.0,66,16,43,41.666666666666664,0
466,19,Female,Primary,Free/Reduced,None,2,0,2.0,22,8,88,39.333333333333336,1
467,18,Female,Secondary,Free/Reduced,Completed,3,0,1.0,93,96,94,94.33333333333333,0
468,16,Male,Secondary,Standard,Completed,2,0,3.0,60,33,58,50.333333333333336,0
469,21,Female,Primary,Free/Reduced,None,4,1,8.0,22,44,36,34.0,1
470,15,Male,Secondary,Free/Reduced,Completed,4,1,0.0,26,87,24,45.666666666666664,0
471,18,Male,Primary,Standard,Completed,2,0,0.0,53,8,15,25.333333333333332,1
472,19,Male,Higher,Standard,None,4,1,1.0,9,6,37,17.333333333333332,1
473,18,Female,Secondary,Standard,Completed,2,2,7.0,88,15,42,48.333333333333336,1
474,15,Male,Higher,Standard,Completed,2,0,6.0,76,18,86,60.0,0
475,20,Male,Secondary,Standard,None,1,1,1.0,15,5,13,11.0,1
476,20,Female,None,Standard,Completed,3,0,11.0,40,10,5,18.333333333333332,1
477,18,Female,Secondary,Standard,None,3,0,2.0,97,75,88,86.66666666666667,0
478,17,Female,Higher,Standard,None,1,0,7.0,54,60,22,45.333333333333336,0
479,21,Female,Secondary,Standard,Completed,1,1,3.0,60,41,59,53.333333333333336,0
480,21,Male,Higher,Free/Reduced,None,3,0,1.0,85,12,11,36.0,1
481,18,Male,Higher,Free/Reduced,None,2,0,2.0,80,11,12,34.333333333333336,1
482,16,Male,Primary,Standard,Completed,2,0,9.0,86,84,99,89.66666666666667,0
483,16,Male,Primary,Free/Reduced,None,3,0,7.0,99,73,97,89.66666666666667,0
484,21,Female,Secondary,Standard,Completed,2,1,10.0,48,19,5,24.0,1
485,21,Male,Secondary,Standard,None,1,2,7.0,72,49,62,61.0,1
486,20,Male,Higher,Standard,Completed,2,0,0.0,51,35,37,41.0,0
487,17,Female,Higher,Standard,None,2,0,16.0,1,91,49,47.0,0
488,15,Male,Primary,Free/Reduced,Completed,4,0,7.0,95,87,51,77.66666666666667,0
489,16,Male,Primary,Free/Reduced,None,4,2,8.0,49,68,39,52.0,1
490,21,Male,Secondary,Standard,Completed,4,1,3.0,85,36,7,42.666666666666664,0
491,20,Male,Primary,Standard,None,2,1,11.0,42,11,60,37.666666666666664,1
492,19,Male,Higher,Standard,None,3,0,0.0,76,98,7,60.333333333333336,0
493,20,Male,Secondary,Standard,None,1,0,8.0,7,39,96,47.333333333333336,0
494,16,Female,Secondary,Standard,None,2,1,0.0,58,53,33,48.0,0
495,16,Female,None,Standard,None,3,0,8.0,64,1,78,47.666666666666664,0
496,20,Male,Secondary,Free/Reduced,None,2,0,0.0,80,49,99,76.0,0
497,15,Male,Secondary,Free/Reduced,None,1,0,6.0,11,40,59,36.666666666666664,1
498,18,Female,Secondary,Standard,Completed,2,0,12.0,3,44,56,34.333333333333336,1
499,16,Male,Primary,Free/Reduced,None,1,1,9.0,76,8,98,60.666666666666664,0
500,20,Male,Secondary,Standard,None,2,0,11.0,94,61,45,66.66666666666667,0
501,21,Male,Higher,Standard,None,1,0,11.0,40,85,21,48.666666666666664,0
502,20,Female,Primary,Standard,None,2,0,2.0,6,46,86,46.0,0
503,17,Male,None,Standard,Completed,1,0,8.0,86,4,39,43.0,0
504,18,Female,None,Free/Reduced,Completed,4,0,0.0,87,75,44,68.66666666666667,0
505,19,Male,Secondary,Standard,None,2,0,2.0,68,0,54,40.666666666666664,0
506,15,Female,Secondary,Standard,None,2,0,12.0,68,43,50,53.666666666666664,0
507,19,Female,Secondary,Standard,None,3,0,3.0,80,21,85,62.0,0
508,18,Male,Primary,Standard,None,3,0,0.0,29,37,4,23.333333333333332,1
509,18,Female,Primary,Free/Reduced,None,1,2,15.0,72,18,94,61.333333333333336,1
510,18,Male,Secondary,Standard,Completed,2,0,8.0,5,79,12,32.0,1
511,19,Female,Secondary,Standard,None,1,1,9.0,88,30,27,48.333333333333336,0
512,21,Male,Higher,Standard,None,4,2,0.0,18,66,83,55.666666666666664,1
513,18,Male,Primary,Standard,Completed,3,0,6.0,79,86,96,87.0,0
514,20,Female,Secondary,Standard,None,1,1,6.0,84,41,79,68.0,0
515,19,Male,Secondary,Standard,None,1,0,1.0,65,81,61,69.0,0
516,18,Male,Secondary,Standard,Completed,3,0,4.0,9,25,92,42.0,0
517,20,Female,Secondary,Free/Reduced,Completed,2,0,0.0,15,12,86,37.666666666666664,1
518,21,Male,Secondary,Free/Reduced,None,1,1,3.0,36,57,23,38.666666666666664,1
519,17,Male,Higher,Free/Reduced,Completed,3,1,10.0,78,17,97,64.0,0
520,21,Female,Primary,Standard,None,2,0,1.0,76,66,6,49.333333333333336,0
521,18,Female,Primary,Standard,None,4,0,15.0,76,86,37,66.33333333333333,0
522,19,Male,Secondary,Standard,None,3,0,0.0,31,2,36,23.0,1
523,16,Male,Secondary,Free/Reduced,None,1,0,4.0,46,54,67,55.666666666666664,0
524,18,Female,Primary,Standard,Completed,4,2,2.0,71,88,97,85.33333333333333,1
525,16,Female,None,Standard,None,2,0,4.0,42,90,41,57.666666666666664,0
526,20,Male,None,Standard,Completed,2,0,12.0,81,57,85,74.33333333333333,0
527,17,Female,Higher,Standard,None,3,0,0.0,35,62,4,33.666666666666664,1
528,15,Male,Primary,Standard,Completed,3,1,3.0,25,90,63,59.333333333333336,0
529,21,Male,Primary,Standard,None,3,1,8.0,9,51,49,36.333333333333336,1
530,17,Male,Primary,Free/Reduced,Completed,2,0,5.0,30,88,86,68.0,0
531,18,Male,Primary,Standard,Completed,4,1,6.0,96,23,14,44.333333333333336,0
532,16,Male,None,Standard,Completed,2,0,0.0,28,71,94,64.33333333333333,0
533,21,Female,Secondary,Standard,Completed,1,0,5.0,4,8,72,28.0,1
534,16,Female,None,Standard,None,2,0,11.0,76,36,52,54.666666666666664,0
535,19,Female,Higher,Standard,Completed,1,1,0.0,0,93,24,39.0,1
536,16,Female,Primary,Free/Reduced,None,4,1,2.0,86,82,88,85.33333333333333,0
537,19,Male,Secondary,Standard,None,3,0,0.0,2,52,84,46.0,0
538,20,Male,Higher,Free/Reduced,None,3,1,8.0,66,79,8,51.0,0
539,21,Male,Secondary,Standard,Completed,2,0,11.0,70,23,37,43.333333333333336,0
540,21,Male,Secondary,Standard,Completed,3,0,4.0,99,20,21,46.666666666666664,0
541,15,Female,Primary,Free/Reduced,None,4,0,0.0,34,99,86,73.0,0
542,18,Male,Primary,Standard,Completed,3,0,0.0,14,39,48,33.666666666666664,1
543,19,Male,Secondary,Standard,Completed,2,1,4.0,66,61,67,64.66666666666667,0
544,15,Female,Higher,Standard,None,4,0,3.0,92,69,92,84.33333333333333,0
545,16,Female,Secondary,Standard,None,1,1,10.0,29,68,14,37.0,1
546,16,Female,Secondary,Free/Reduced,None,2,1,2.0,81,13,64,52.666666666666664,0
547,15,Female,Secondary,Standard,Completed,1,0,7.0,74,41,53,56.0,0
548,21,Male,Secondary,Free/Reduced,None,4,1,3.0,42,49,29,40.0,0
549,16,Male,None,Free/Reduced,Completed,2,1,1.0,59,60,92,70.33333333333333,0
550,20,Female,Secondary,Standard,Completed,2,0,3.0,39,3,19,20.333333333333332,1
551,20,Male,Higher,Free/Reduced,None,4,0,7.0,64,71,32,55.666666666666664,0
552,15,Male,Primary,Standard,Completed,3,0,10.0,28,87,99,71.33333333333333,0
553,19,Male,Secondary,Free/Reduced,Completed,2,1,4.0,73,74,85,77.33333333333333,0
554,19,Female,Primary,Standard,Completed,2,2,0.0,91,16,76,61.0,1
555,15,Male,Secondary,Standard,None,1,0,10.0,94,84,6,61.333333333333336,0
556,19,Female,None,Standard,None,3,2,1.0,18,56,7,27.0,1
557,21,Male,Secondary,Standard,None,1,0,6.0,2,89,27,39.333333333333336,1
558,21,Male,Secondary,Standard,None,1,0,5.0,35,47,44,42.0,0
559,19,Male,Primary,Free/Reduced,Completed,3,1,4.0,42,43,72,52.333333333333336,0
560,20,Female,Secondary,Standard,None,3,1,3.0,14,44,88,48.666666666666664,0
561,19,Male,Secondary,Standard,Completed,4,0,8.0,96,90,79,88.33333333333333,0
562,21,Female,Higher,Free/Reduced,Completed,3,0,0.0,40,79,73,64.0,0
563,17,Female,Primary,Standard,None,2,0,11.0,89,89,10,62.666666666666664,0
564,18,Female,Primary,Free/Reduced,None,3,0,0.0,79,32,30,47.0,0
565,16,Male,Primary,Free/Reduced,Completed,4,0,7.0,35,30,11,25.333333333333332,1
566,17,Male,Higher,Free/Reduced,Completed,4,0,7.0,96,46,94,78.66666666666667,0
567,19,Male,Higher,Free/Reduced,Completed,4,0,11.0,83,5,77,55.0,0
568,20,Male,Secondary,Standard,Completed,3,0,6.0,76,71,50,65.66666666666667,0
569,15,Female,Higher,Standard,None,3,1,1.0,32,70,43,48.333333333333336,0
570,19,Female,Secondary,Free/Reduced,None,1,0,0.0,4,33,95,44.0,0
571,20,Female,Secondary,Standard,None,1,0,3.0,77,52,49,59.333333333333336,0
572,18,Male,None,Standard,None,2,1,0.0,90,13,16,39.666666666666664,1
573,19,Female,Secondary,Standard,Completed,1,1,2.0,86,15,34,45.0,0
574,21,Male,Primary,Free/Reduced,None,2,1,4.0,13,42,0,18.333333333333332,1
575,15,Female,Higher,Standard,None,4,1,2.0,67,72,28,55.666666666666664,0
576,20,Male,Secondary,Standard,None,1,0,5.0,82,73,50,68.33333333333333,0
577,20,Male,Secondary,Standard,None,3,1,4.0,46,80,63,63.0,0
578,20,Female,None,Standard,None,1,1,3.0,53,11,3,22.333333333333332,1
579,18,Female,Primary,Standard,Completed,2,1,0.0,3,69,86,52.666666666666664,0
580,19,Female,Primary,Standard,None,1,0,0.0,93,18,27,46.0,0
581,18,Female,Primary,Standard,Completed,4,0,8.0,82,40,15,45.666666666666664,0
582,16,Male,None,Free/Reduced,Completed,3,1,9.0,94,52,62,69.33333333333333,0
583,16,Female,Higher,Standard,Completed,2,0,0.0,94,28,75,65.66666666666667,0
584,19,Female,Secondary,Free/Reduced,Completed,3,0,1.0,8,69,52,43.0,0
585,21,Female,Primary,Free/Reduced,None,3,1,10.0,52,58,84,64.66666666666667,0
586,18,Male,Primary,Standard,None,2,0,1.0,76,88,16,60.0,0
587,15,Male,Secondary,Standard,None,3,0,4.0,77,63,39,59.666666666666664,0
588,20,Female,Secondary,Standard,None,3,0,12.0,59,23,12,31.333333333333332,1
589,20,Male,Secondary,Free/Reduced,None,1,0,3.0,45,88,51,61.333333333333336,0
590,19,Female,Higher,Standard,Completed,3,0,2.0,53,15,57,41.666666666666664,0
591,21,Male,Secondary,Standard,Completed,3,1,4.0,73,51,95,73.0,0
592,16,Male,Higher,Standard,None,3,0,14.0,94,79,36,69.66666666666667,0
593,16,Male,Higher,Standard,None,3,0,7.0,36,5,78,39.666666666666664,1
594,20,Male,Primary,Standard,None,2,3,5.0,22,36,75,44.333333333333336,1
595,19,Female,Higher,Standard,Completed,4,0,2.0,26,84,60,56.666666666666664,0
596,18,Female,Primary,Free/Reduced,Completed,1,0,8.0,69,3,78,50.0,0
597,16,Female,Higher,Standard,None,3,0,8.0,89,97,33,73.0,0
598,18,Male,Primary,Standard,Completed,3,0,0.0,65,91,69,75.0,0
599,21,Female,Higher,Standard,Completed,2,2,8.0,60,37,16,37.666666666666664,1
600,16,Female,Higher,Free/Reduced,None,4,0,4.0,76,40,19,45.0,0
601,16,Female,Higher,Standard,Completed,3,1,5.0,50,91,72,71.0,0
602,17,Male,Secondary,Free/Reduced,None,2,0,1.0,49,80,58,62.333333333333336,0
603,16,Male,Primary,Standard,Completed,1,1,3.0,18,13,68,33.0,1
604,15,Male,None,Standard,Completed,1,0,0.0,0,70,86,52.0,0
605,19,Female,Secondary,Standard,Completed,3,0,0.0,39,85,32,52.0,0
606,19,Female,Primary,Standard,None,3,1,7.0,31,50,77,52.666666666666664,0
607,18,Female,Secondary,Standard,Completed,4,0,3.0,21,64,16,33.666666666666664,1
608,21,Male,Primary,Standard,None,4,1,0.0,92,92,56,80.0,0
609,16,Male,Higher,Free/Reduced,Completed,3,0,16.0,65,51,82,66.0,0
610,15,Female,Secondary,Standard,None,2,1,0.0,39,94,96,76.33333333333333,0
611,18,Male,Higher,Standard,Completed,4,1,10.0,37,29,0,22.0,1
612,17,Male,Primary,Standard,None,3,1,0.0,47,56,12,38.333333333333336,1
613,18,Male,Higher,Standard,None,4,1,7.0,54,78,26,52.666666666666664,0
614,18,Male,Higher,Standard,None,3,1,4.0,74,81,69,74.66666666666667,0
615,16,Female,Secondary,Standard,Completed,1,0,2.0,80,98,58,78.66666666666667,0
616,17,Male,Secondary,Standard,Completed,3,0,6.0,54,29,5,29.333333333333332,1
617,18,Male,Secondary,Standard,Completed,1,0,5.0,50,97,96,81.0,0
618,15,Male,Primary,Standard,None,4,0,1.0,59,41,93,64.33333333333333,0
619,15,Male,Secondary,Standard,None,3,1,1.0,7,10,98,38.333333333333336,1
620,19,Female,Primary,Standard,None,4,1,0.0,85,26,22,44.333333333333336,0
621,17,Female,Primary,Standard,Completed,1,0,7.0,67,23,9,33.0,1
622,17,Male,Primary,Free/Reduced,Completed,3,0,0.0,74,98,50,74.0,0
623,19,Male,None,Standard,Completed,4,0,5.0,71,38,18,42.333333333333336,0
624,18,Male,None,Standard,None,1,0,8.0,8,71,50,43.0,0
625,17,Male,Primary,Standard,None,4,0,6.0,89,17,91,65.66666666666667,0
626,15,Male,Higher,Free/Reduced,None,2,0,1.0,1,76,86,54.333333333333336,0
627,15,Male,Secondary,Free/Reduced,Completed,1,0,10.0,79,44,67,63.333333333333336,0
628,16,Female,Higher,Standard,None,1,0,3.0,94,87,83,88.0,0
629,17,Male,Secondary,Free/Reduced,None,1,0,0.0,69,86,82,79.0,0
630,18,Female,Primary,Standard,Completed,3,0,4.0,84,11,41,45.333333333333336,0
631,19,Female,Secondary,Standard,None,3,2,8.0,89,48,90,75.66666666666667,1
632,19,Male,Secondary,Free/Reduced,None,3,0,2.0,58,93,56,69.0,0
633,18,Female,Primary,Free/Reduced,None,2,2,9.0,18,30,97,48.333333333333336,1
634,21,Female,Secondary,Standard,None,2,0,1.0,27,91,67,61.666666666666664,0
635,20,Female,Primary,Standard,Completed,1,1,2.0,71,21,37,43.0,0
636,16,Female,Secondary,Standard,Completed,2,0,0.0,13,43,61,39.0,1
637,19,Female,Secondary,Standard,None,4,1,8.0,23,91,6,40.0,0
638,17,Female,Primary,Free/Reduced,Completed,1,0,5.0,43,63,70,58.666666666666664,0
639,16,Male,None,Standard,None,1,0,0.0,55,76,49,60.0,0
640,17,Female,Secondary,Standard,None,4,1,3.0,89,24,51,54.666666666666664,0
641,21,Female,Secondary,Standard,None,1,0,0.0,94,50,25,56.333333333333336,0
642,15,Female,None,Standard,None,2,0,9.0,50,6,25,27.0,1
643,16,Male,Higher,Standard,Completed,3,0,4.0,31,5,18,18.0,1
644,19,Female,None,Standard,Completed,4,0,0.0,49,23,8,26.666666666666668,1
645,16,Male,Secondary,Free/Reduced,Completed,2,1,0.0,40,18,60,39.333333333333336,1
646,16,Female,Higher,Free/Reduced,None,4,0,3.0,65,82,19,55.333333333333336,0
647,16,Male,Primary,Standard,Completed,4,0,0.0,24,99,49,57.333333333333336,0
648,20,Male,Primary,Free/Reduced,Completed,1,0,9.0,60,8,79,49.0,0
649,16,Female,Primary,Free/Reduced,None,1,1,7.0,65,35,80,60.0,0
650,17,Female,Primary,Free/Reduced,None,2,0,7.0,41,39,21,33.666666666666664,1
651,15,Male,Primary,Standard,Completed,4,0,0.0,64,92,12,56.0,0
652,21,Female,Secondary,Standard,Completed,1,1,2.0,35,23,11,23.0,1
653,18,Male,None,Standard,None,1,1,2.0,75,47,9,43.666666666666664,0
654,16,Male,Secondary,Standard,Completed,4,0,0.0,8,62,64,44.666666666666664,0
655,19,Male,Higher,Standard,Completed,2,0,3.0,35,68,95,66.0,0
656,16,Male,Higher,Standard,Completed,2,0,0.0,91,52,29,57.333333333333336,0
657,19,Male,Secondary,Standard,None,4,0,6.0,37,53,7,32.333333333333336,1
658,17,Female,Primary,Free/Reduced,Completed,2,0,9.0,32,41,20,31.0,1
659,19,Male,Secondary,Standard,None,1,0,8.0,41,44,21,35.333333333333336,1
660,18,Male,Secondary,Standard,None,4,0,4.0,60,89,17,55.333333333333336,0
661,15,Female,Secondary,Free/Reduced,None,1,1,15.0,45,13,65,41.0,0
662,19,Male,Primary,Free/Reduced,Completed,3,1,11.0,85,28,47,53.333333333333336,0
663,19,Female,Higher,Free/Reduced,None,3,0,4.0,88,5,43,45.333333333333336,0
664,15,Female,Secondary,Free/Reduced,None,2,1,3.0,60,6,8,24.666666666666668,1
665,18,Female,Primary,Standard,None,3,1,12.0,17,36,66,39.666666666666664,1
666,16,Male,Primary,Free/Reduced,None,1,1,10.0,69,52,53,58.0,0
667,19,Male,Secondary,Standard,None,3,0,0.0,81,17,25,41.0,0
668,15,Male,Higher,Standard,None,1,1,10.0,79,86,84,83.0,0
669,17,Female,Secondary,Standard,None,2,1,4.0,14,37,93,48.0,0
670,15,Male,Secondary,Standard,None,2,3,1.0,47,58,91,65.33333333333333,1
671,17,Female,None,Standard,Completed,1,1,0.0,71,0,99,56.666666666666664,0
672,18,Male,Secondary,Standard,Completed,3,1,4.0,12,67,25,34.666666666666664,1
673,16,Female,Secondary,Free/Reduced,Completed,2,2,5.0,42,43,33,39.333333333333336,1
674,15,Male,None,Standard,None,4,0,13.0,59,46,7,37.333333333333336,1
675,21,Male,Primary,Standard,None,2,0,10.0,56,34,9,33.0,1
676,21,Male,Secondary,Free/Reduced,None,3,0,2.0,70,86,47,67.66666666666667,0
677,20,Female,Primary,Standard,None,4,1,7.0,16,90,54,53.333333333333336,0
678,19,Female,Secondary,Standard,None,3,0,9.0,49,59,53,53.666666666666664,0
679,18,Male,Primary,Standard,None,1,0,5.0,31,89,77,65.66666666666667,0
680,15,Male,None,Standard,Completed,4,0,2.0,21,51,39,37.0,1
681,21,Female,Primary,Standard,None,3,0,2.0,54,7,14,25.0,1
682,19,Female,Higher,Free/Reduced,Completed,4,1,7.0,56,79,80,71.66666666666667,0
683,21,Female,Higher,Standard,Completed,3,0,7.0,12,40,17,23.0,1
684,15,Male,Higher,Standard,Completed,4,0,4.0,46,2,95,47.666666666666664,0
685,17,Female,Secondary,Free/Reduced,Completed,3,0,0.0,86,95,22,67.66666666666667,0
686,15,Male,Primary,Free/Reduced,None,1,1,0.0,61,68,61,63.333333333333336,0
687,20,Female,Secondary,Standard,None,4,0,8.0,53,83,45,60.333333333333336,0
688,15,Male,Secondary,Standard,Completed,4,0,0.0,28,13,86,42.333333333333336,0
689,15,Female,Higher,Standard,None,4,1,11.0,21,95,98,71.33333333333333,0
690,20,Female,None,Standard,None,4,1,10.0,64,25,38,42.333333333333336,0
691,18,Female,Secondary,Standard,Completed,1,0,5.0,28,69,14,37.0,1
692,15,Female,Primary,Standard,None,4,0,8.0,47,57,52,52.0,0
693,20,Female,Primary,Free/Reduced,Completed,2,1,8.0,4,99,87,63.333333333333336,0
694,19,Male,Secondary,Standard,None,1,0,4.0,34,39,63,45.333333333333336,0
695,17,Female,Secondary,Standard,None,2,2,0.0,73,50,62,61.666666666666664,1
696,17,Female,Primary,Standard,Completed,4,0,10.0,82,4,91,59.0,0
697,15,Female,Primary,Standard,Completed,3,0,12.0,70,76,79,75.0,0
698,18,Male,Secondary,Standard,None,2,1,0.0,45,31,15,30.333333333333332,1
699,18,Female,Secondary,Standard,None,4,0,0.0,34,79,69,60.666666666666664,0
700,19,Male,Higher,Free/Reduced,Completed,2,0,4.0,44,0,65,36.333333333333336,1
701,15,Female,Higher,Standard,None,4,2,2.0,12,76,12,33.333333333333336,1
702,17,Female,Secondary,Standard,None,4,0,6.0,9,53,46,36.0,1
703,18,Male,Primary,Standard,None,4,0,11.0,65,10,8,27.666666666666668,1
704,15,Female,Secondary,Standard,None,3,0,0.0,69,52,62,61.0,0
705,21,Male,Secondary,Standard,None,2,2,13.0,71,7,33,37.0,1
706,18,Male,Primary,Standard,None,1,0,3.0,99,24,80,67.66666666666667,0
707,20,Female,Higher,Standard,None,1,1,8.0,24,39,90,51.0,0
708,21,Male,None,Standard,Completed,1,0,8.0,43,31,28,34.0,1
709,18,Female,Higher,Free/Reduced,Completed,1,0,9.0,59,87,36,60.666666666666664,0
710,17,Female,Secondary,Free/Reduced,Completed,4,0,5.0,46,27,42,38.333333333333336,1
711,16,Male,Secondary,Free/Reduced,None,2,1,6.0,39,77,85,67.0,0
712,21,Male,Secondary,Free/Reduced,None,2,0,6.0,6,2,63,23.666666666666668,1
713,19,Male,Higher,Standard,Completed,3,0,2.0,45,99,23,55.666666666666664,0
714,19,Male,Secondary,Free/Reduced,None,2,0,0.0,22,90,70,60.666666666666664,0
715,17,Female,Secondary,Standard,None,2,0,0.0,82,83,33,66.0,0
716,18,Female,None,Free/Reduced,Completed,2,0,4.0,45,78,47,56.666666666666664,0
717,15,Male,Secondary,Free/Reduced,None,3,1,1.0,85,61,11,52.333333333333336,0
718,18,Female,Primary,Free/Reduced,Completed,1,0,1.0,12,26,22,20.0,1
719,17,Female,Secondary,Free/Reduced,Completed,2,0,14.0,20,44,78,47.333333333333336,0
720,19,Female,Secondary,Standard,None,3,1,9.0,0,91,96,62.333333333333336,0
721,18,Female,Secondary,Standard,None,3,0,4.0,18,24,12,18.0,1
722,19,Male,None,Standard,Completed,4,0,8.0,59,60,86,68.33333333333333,0
723,21,Male,None,Standard,None,3,0,3.0,32,43,95,56.666666666666664,0
724,15,Female,Secondary,Standard,None,1,0,6.0,3,96,44,47.666666666666664,0
725,21,Male,None,Standard,Completed,2,1,7.0,2,45,98,48.333333333333336,0
726,19,Male,None,Free/Reduced,Completed,3,0,3.0,90,13,64,55.666666666666664,0
727,19,Male,None,Standard,None,1,1,2.0,51,7,46,34.666666666666664,1
728,16,Female,Higher,Free/Reduced,Completed,3,0,11.0,98,47,57,67.33333333333333,0
729,16,Female,Secondary,Free/Reduced,None,3,0,8.0,27,13,4,14.666666666666666,1
730,21,Female,Primary,Free/Reduced,None,3,0,0.0,69,64,76,69.66666666666667,0
731,20,Male,Primary,Free/Reduced,None,3,0,2.0,69,79,4,50.666666666666664,0
732,21,Female,Primary,Standard,Completed,3,1,1.0,54,81,59,64.66666666666667,0
733,16,Female,Secondary,Free/Reduced,None,1,1,2.0,56,6,95,52.333333333333336,0
734,19,Male,Secondary,Free/Reduced,None,2,0,9.0,86,78,20,61.333333333333336,0
735,17,Female,Primary,Standard,Completed,2,0,5.0,96,87,23,68.66666666666667,0
736,21,Female,Primary,Standard,Completed,2,1,0.0,15,48,17,26.666666666666668,1
737,19,Male,None,Free/Reduced,Completed,2,1,3.0,23,54,20,32.333333333333336,1
738,17,Male,Secondary,Standard,None,1,1,8.0,68,12,53,44.333333333333336,0
739,17,Male,Secondary,Standard,None,4,0,4.0,40,72,9,40.333333333333336,0
740,16,Female,Primary,Standard,Completed,4,2,2.0,76,55,23,51.333333333333336,1
741,21,Female,None,Standard,None,1,1,7.0,46,55,84,61.666666666666664,0
742,18,Female,None,Standard,Completed,1,1,13.0,75,14,88,59.0,0
743,15,Male,Higher,Free/Reduced,None,3,0,7.0,68,56,59,61.0,0
744,16,Male,Primary,Standard,Completed,3,0,12.0,30,57,56,47.666666666666664,0
745,16,Female,Secondary,Standard,None,3,1,2.0,91,34,22,49.0,0
746,18,Female,Secondary,Standard,None,2,0,5.0,91,87,21,66.33333333333333,0
747,15,Male,Primary,Standard,None,3,0,5.0,29,96,67,64.0,0
748,19,Male,Primary,Free/Reduced,Completed,4,1,6.0,17,15,33,21.666666666666668,1
749,20,Male,Primary,Standard,Completed,2,0,7.0,43,7,69,39.666666666666664,1
750,21,Male,Secondary,Standard,None,3,1,0.0,26,92,27,48.333333333333336,0
751,20,Female,Secondary,Standard,Completed,2,1,8.0,98,86,94,92.66666666666667,0
752,19,Male,Secondary,Standard,Completed,4,1,0.0,25,44,98,55.666666666666664,0
753,16,Female,Secondary,Free/Reduced,Completed,3,0,0.0,59,94,38,63.666666666666664,0
754,15,Female,None,Free/Reduced,None,4,1,16.0,17,39,41,32.333333333333336,1
755,16,Female,Higher,Standard,None,4,1,2.0,96,53,22,57.0,0
756,17,Male,Secondary,Standard,None,4,0,9.0,88,13,69,56.666666666666664,0
757,16,Male,Primary,Standard,Completed,3,0,13.0,55,58,79,64.0,0
758,16,Male,Higher,Standard,Completed,1,1,0.0,30,93,1,41.333333333333336,0
759,19,Male,Secondary,Standard,None,3,0,11.0,58,52,23,44.333333333333336,0
760,19,Female,Secondary,Standard,None,4,0,8.0,1,26,16,14.333333333333334,1
761,19,Male,Secondary,Standard,Completed,3,0,13.0,96,46,64,68.66666666666667,0
762,20,Male,Higher,Standard,None,4,0,0.0,38,79,69,62.0,0
763,17,Female,Secondary,Free/Reduced,Completed,1,1,12.0,60,5,68,44.333333333333336,0
764,19,Male,Primary,Free/Reduced,None,2,1,1.0,62,54,59,58.333333333333336,0
765,15,Female,Primary,Standard,Completed,1,1,10.0,95,96,49,80.0,0
766,20,Female,Higher,Free/Reduced,None,1,0,5.0,17,43,92,50.666666666666664,0
767,18,Female,Primary,Standard,None,2,1,9.0,16,17,11,14.666666666666666,1
768,15,Female,Primary,Standard,None,3,2,5.0,97,15,46,52.666666666666664,1
769,21,Female,Secondary,Free/Reduced,Completed,2,0,0.0,38,11,66,38.333333333333336,1
770,21,Female,Secondary,Free/Reduced,None,3,0,0.0,70,19,64,51.0,0
771,15,Female,Secondary,Free/Reduced,None,3,0,6.0,53,44,26,41.0,0
772,19,Female,Higher,Standard,Completed,4,0,4.0,98,63,47,69.33333333333333,0
773,18,Male,Primary,Standard,None,4,0,7.0,93,58,87,79.33333333333333,0
774,18,Male,Primary,Free/Reduced,None,2,0,4.0,75,92,61,76.0,0
775,20,Male,Primary,Standard,None,1,1,15.0,34,93,43,56.666666666666664,0
776,18,Male,Higher,Standard,None,2,0,6.0,10,89,18,39.0,1
777,21,Female,Secondary,Standard,Completed,3,1,3.0,60,21,58,46.333333333333336,0
778,17,Male,Primary,Standard,None,4,0,7.0,43,96,7,48.666666666666664,0
779,19,Female,Higher,Standard,Completed,2,0,3.0,67,46,54,55.666666666666664,0
780,18,Male,Higher,Standard,None,2,2,5.0,24,28,46,32.666666666666664,1
781,20,Male,Higher,Free/Reduced,None,4,1,0.0,47,85,1,44.333333333333336,0
782,21,Male,Higher,Standard,None,4,1,5.0,31,44,93,56.0,0
783,17,Female,Primary,Standard,Completed,4,1,3.0,83,76,93,84.0,0
784,16,Male,Secondary,Standard,Completed,3,0,0.0,94,8,38,46.666666666666664,0
785,16,Female,Secondary,Standard,None,4,0,15.0,3,23,44,23.333333333333332,1
786,17,Female,Higher,Standard,None,1,1,0.0,37,14,31,27.333333333333332,1
787,21,Male,Secondary,Standard,None,2,2,5.0,62,35,64,53.666666666666664,1
788,20,Male,Secondary,Free/Reduced,None,4,1,1.0,46,12,37,31.666666666666668,1
789,17,Male,Secondary,Standard,None,4,3,6.0,0,90,76,55.333333333333336,1
790,19,Female,Primary,Free/Reduced,Completed,3,1,0.0,2,43,10,18.333333333333332,1
791,19,Male,Secondary,Standard,Completed,3,2,9.0,85,70,9,54.666666666666664,1
792,16,Female,Higher,Standard,Completed,2,1,15.0,61,71,58,63.333333333333336,0
793,18,Female,Higher,Standard,Completed,1,0,1.0,63,77,89,76.33333333333333,0
794,20,Male,None,Standard,None,2,0,11.0,16,75,54,48.333333333333336,0
795,16,Male,Primary,Free/Reduced,None,4,3,3.0,77,35,19,43.666666666666664,1
796,18,Female,Primary,Standard,None,1,2,13.0,61,60,80,67.0,1
797,18,Female,Secondary,Standard,Completed,1,0,16.0,34,80,16,43.333333333333336,0
798,19,Female,Higher,Free/Reduced,Completed,1,0,4.0,12,39,67,39.333333333333336,1
799,21,Male,Primary,Free/Reduced,Completed,1,1,0.0,34,92,4,43.333333333333336,0
800,15,Female,Secondary,Free/Reduced,Completed,2,1,10.0,42,26,59,42.333333333333336,0
801,21,Male,Higher,Standard,None,3,1,6.0,1,0,22,7.666666666666667,1
802,15,Female,Secondary,Free/Reduced,Completed,3,0,8.0,55,33,45,44.333333333333336,0
803,17,Female,Secondary,Standard,None,4,1,3.0,76,67,51,64.66666666666667,0
804,19,Male,Secondary,Standard,Completed,3,1,1.0,50,87,9,48.666666666666664,0
805,18,Female,Secondary,Standard,None,3,1,11.0,53,20,45,39.333333333333336,1
806,20,Male,Primary,Standard,None,3,0,7.0,15,32,27,24.666666666666668,1
807,15,Male,Secondary,Standard,Completed,3,0,0.0,17,6,96,39.666666666666664,1
808,21,Female,Secondary,Standard,None,4,0,8.0,6,64,42,37.333333333333336,1
809,18,Male,Higher,Free/Reduced,None,2,1,7.0,44,2,25,23.666666666666668,1
810,15,Male,Secondary,Standard,None,1,2,3.0,35,50,54,46.333333333333336,1
811,15,Female,Secondary,Standard,Completed,3,0,13.0,40,78,47,55.0,0
812,15,Male,Primary,Standard,None,2,2,2.0,93,94,28,71.66666666666667,1
813,20,Male,Secondary,Free/Reduced,None,3,0,4.0,41,53,26,40.0,0
814,19,Male,None,Standard,None,3,1,9.0,6,79,17,34.0,1
815,20,Female,Primary,Standard,None,1,2,5.0,14,73,59,48.666666666666664,1
816,16,Male,Secondary,Free/Reduced,None,1,0,0.0,59,92,73,74.66666666666667,0
817,18,Female,Higher,Free/Reduced,None,1,0,6.0,39,58,68,55.0,0
818,19,Female,None,Standard,None,3,0,3.0,82,5,73,53.333333333333336,0
819,19,Male,Secondary,Standard,None,3,1,9.0,36,28,20,28.0,1
820,19,Male,Higher,Free/Reduced,None,3,0,6.0,65,16,23,34.666666666666664,1
821,21,Male,Primary,Standard,None,1,0,5.0,54,59,2,38.333333333333336,1
822,19,Female,Secondary,Standard,None,4,2,0.0,76,21,94,63.666666666666664,1
823,20,Male,Secondary,Free/Reduced,None,2,0,4.0,94,23,61,59.333333333333336,0
824,19,Male,Secondary,Standard,Completed,4,2,10.0,79,80,1,53.333333333333336,1
825,17,Male,Primary,Standard,None,3,0,1.0,55,84,65,68.0,0
826,18,Male,Primary,Standard,None,3,0,5.0,43,50,41,44.666666666666664,0
827,19,Male,Secondary,Standard,None,4,0,0.0,56,49,33,46.0,0
828,18,Female,Secondary,Standard,None,3,0,0.0,5,10,41,18.666666666666668,1
829,17,Female,None,Free/Reduced,Completed,2,1,5.0,91,55,19,55.0,0
830,17,Male,Secondary,Standard,None,3,1,6.0,31,70,96,65.66666666666667,0
831,18,Male,None,Standard,Completed,2,1,15.0,73,41,67,60.333333333333336,0
832,15,Male,Secondary,Standard,None,4,0,3.0,17,38,44,33.0,1
833,16,Male,Primary,Standard,None,4,0,5.0,67,68,74,69.66666666666667,0
834,21,Female,Higher,Free/Reduced,None,3,1,0.0,72,47,41,53.333333333333336,0
835,15,Male,Primary,Standard,Completed,2,0,8.0,6,56,46,36.0,1
836,15,Female,Primary,Standard,None,3,0,7.0,7,20,4,10.333333333333334,1
837,20,Female,Primary,Standard,Completed,1,1,12.0,63,81,88,77.33333333333333,0
838,21,Male,Primary,Standard,Completed,1,1,11.0,6,98,48,50.666666666666664,0
839,21,Female,Higher,Standard,Completed,1,1,7.0,40,19,36,31.666666666666668,1
840,15,Female,Higher,Free/Reduced,Completed,1,1,3.0,39,14,33,28.666666666666668,1
841,19,Female,Primary,Free/Reduced,None,3,0,6.0,2,68,72,47.333333333333336,0
842,20,Female,Secondary,Standard,None,1,1,4.0,16,76,69,53.666666666666664,0
843,20,Male,Secondary,Standard,Completed,2,0,10.0,65,50,17,44.0,0
844,17,Male,Higher,Free/Reduced,None,4,0,9.0,78,75,77,76.66666666666667,0
845,21,Female,Secondary,Free/Reduced,Completed,4,0,4.0,92,61,18,57.0,0
846,15,Male,Primary,Standard,None,1,1,0.0,51,84,77,70.66666666666667,0
847,17,Male,Secondary,Standard,None,1,0,12.0,21,36,39,32.0,1
848,18,Male,Secondary,Standard,None,1,1,8.0,3,5,16,8.0,1
849,16,Male,None,Free/Reduced,None,3,0,3.0,5,70,59,44.666666666666664,0
850,20,Male,Secondary,Free/Reduced,None,4,0,8.0,37,25,98,53.333333333333336,0
851,18,Female,Primary,Standard,Completed,1,3,5.0,25,7,92,41.333333333333336,1
852,18,Male,Secondary,Standard,None,2,1,12.0,10,72,41,41.0,0
853,19,Male,None,Free/Reduced,Completed,1,0,0.0,89,90,80,86.33333333333333,0
854,16,Male,Secondary,Free/Reduced,None,4,0,3.0,16,3,71,30.0,1
855,18,Male,Secondary,Free/Reduced,None,1,0,13.0,87,20,64,57.0,0
856,18,Female,Secondary,Free/Reduced,None,4,0,8.0,91,30,52,57.666666666666664,0
857,16,Female,None,Standard,Completed,1,0,14.0,98,20,99,72.33333333333333,0
858,16,Female,Secondary,Standard,None,2,0,0.0,30,24,6,20.0,1
859,18,Female,Secondary,Standard,Completed,1,0,10.0,76,14,4,31.333333333333332,1
860,16,Male,Secondary,Standard,None,2,1,10.0,34,34,23,30.333333333333332,1
861,18,Female,Secondary,Standard,Completed,2,1,0.0,15,48,27,30.0,1
862,18,Male,Secondary,Free/Reduced,Completed,1,1,4.0,78,42,61,60.333333333333336,0
863,19,Male,Higher,Standard,None,2,0,4.0,17,40,16,24.333333333333332,1
864,15,Male,Primary,Free/Reduced,None,3,0,0.0,61,36,19,38.666666666666664,1
865,18,Male,Higher,Standard,Completed,1,1,4.0,26,56,2,28.0,1
866,17,Male,Secondary,Free/Reduced,Completed,1,0,9.0,34,41,36,37.0,1
867,20,Female,None,Standard,None,2,0,3.0,44,46,89,59.666666666666664,0
868,21,Female,None,Standard,None,2,1,6.0,34,91,14,46.333333333333336,0
869,15,Female,Primary,Standard,None,1,0,6.0,27,60,50,45.666666666666664,0
870,15,Female,Secondary,Standard,Completed,3,0,5.0,8,13,47,22.666666666666668,1
871,15,Male,Secondary,Free/Reduced,Completed,2,0,1.0,75,67,7,49.666666666666664,0
872,19,Female,Secondary,Free/Reduced,Completed,2,1,8.0,14,52,12,26.0,1
873,18,Male,Secondary,Standard,Completed,4,1,0.0,20,83,47,50.0,0
874,19,Female,Secondary,Standard,None,3,0,5.0,51,33,2,28.666666666666668,1
875,18,Male,Primary,Standard,None,3,0,12.0,34,75,64,57.666666666666664,0
876,19,Male,Primary,Standard,Completed,1,2,3.0,96,96,72,88.0,1
877,19,Female,Secondary,Free/Reduced,Completed,3,1,1.0,50,23,30,34.333333333333336,1
878,20,Male,None,Free/Reduced,Completed,1,0,9.0,82,19,25,42.0,0
879,17,Male,Primary,Standard,None,4,0,6.0,54,68,80,67.33333333333333,0
880,19,Female,Secondary,Free/Reduced,None,3,0,9.0,86,29,55,56.666666666666664,0
881,20,Male,Secondary,Standard,Completed,2,0,5.0,76,87,33,65.33333333333333,0
882,16,Female,Higher,Free/Reduced,Completed,4,1,0.0,43,6,8,19.0,1
883,17,Female,Higher,Standard,None,1,1,11.0,64,35,61,53.333333333333336,0
884,19,Female,Secondary,Free/Reduced,None,4,1,15.0,92,37,12,47.0,0
885,21,Male,Secondary,Free/Reduced,None,1,0,11.0,87,79,68,78.0,0
886,15,Male,Secondary,Standard,Completed,4,0,0.0,79,51,40,56.666666666666664,0
887,16,Male,Secondary,Free/Reduced,Completed,1,0,7.0,24,14,76,38.0,1
888,16,Female,Primary,Standard,None,3,1,3.0,86,45,0,43.666666666666664,0
889,20,Male,Secondary,Standard,Completed,2,1,0.0,91,22,88,67.0,0
890,16,Female,Higher,Standard,Completed,1,0,6.0,46,11,46,34.333333333333336,1
891,17,Female,Primary,Free/Reduced,None,4,0,4.0,79,92,3,58.0,0
892,19,Male,Secondary,Free/Reduced,Completed,1,2,8.0,55,43,99,65.66666666666667,1
893,19,Female,Secondary,Free/Reduced,None,1,0,5.0,37,14,62,37.666666666666664,1
894,21,Male,Primary,Free/Reduced,Completed,1,0,0.0,10,92,51,51.0,0
895,15,Male,Primary,Standard,Completed,4,2,2.0,66,48,9,41.0,1
896,20,Male,Primary,Free/Reduced,None,2,0,1.0,14,20,27,20.333333333333332,1
897,15,Male,None,Standard,Completed,3,0,0.0,0,14,5,6.333333333333333,1
898,16,Male,None,Standard,None,2,1,0.0,6,13,26,15.0,1
899,21,Female,Higher,Standard,None,1,1,4.0,0,41,11,17.333333333333332,1
900,15,Female,Primary,Free/Reduced,Completed,4,1,12.0,48,79,61,62.666666666666664,0
901,17,Female,Secondary,Free/Reduced,None,2,1,2.0,95,14,51,53.333333333333336,0
902,19,Male,Primary,Standard,Completed,1,1,1.0,72,62,47,60.333333333333336,0
903,16,Male,Higher,Standard,None,3,0,0.0,28,67,66,53.666666666666664,0
904,21,Male,Primary,Free/Reduced,Completed,3,0,5.0,25,26,45,32.0,1
905,15,Female,Secondary,Standard,None,3,1,11.0,86,86,96,89.33333333333333,0
906,20,Male,Higher,Free/Reduced,Completed,1,1,15.0,44,92,73,69.66666666666667,0
907,17,Female,Higher,Free/Reduced,None,4,0,6.0,92,52,94,79.33333333333333,0
908,17,Female,Primary,Standard,None,2,0,6.0,96,51,14,53.666666666666664,0
909,15,Male,Higher,Standard,None,3,0,2.0,70,62,70,67.33333333333333,0
910,19,Male,Secondary,Free/Reduced,Completed,1,0,3.0,11,72,35,39.333333333333336,1
911,15,Female,Secondary,Free/Reduced,Completed,1,0,8.0,94,52,13,53.0,0
912,16,Male,Primary,Standard,None,2,0,3.0,31,56,77,54.666666666666664,0
913,15,Female,None,Free/Reduced,None,3,2,4.0,19,51,2,24.0,1
914,17,Male,Secondary,Standard,Completed,1,0,5.0,50,42,66,52.666666666666664,0
915,21,Male,Secondary,Standard,None,2,0,2.0,80,6,85,57.0,0
916,15,Female,Secondary,Free/Reduced,Completed,4,1,5.0,35,41,18,31.333333333333332,1
917,19,Male,Secondary,Free/Reduced,None,4,0,0.0,66,3,98,55.666666666666664,0
918,21,Female,Secondary,Standard,Completed,4,0,8.0,0,68,75,47.666666666666664,0
919,20,Male,Primary,Free/Reduced,Completed,3,1,17.0,26,4,53,27.666666666666668,1
920,18,Female,Secondary,Standard,None,2,0,2.0,39,74,68,60.333333333333336,0
921,15,Female,Primary,Standard,Completed,2,1,7.0,96,91,9,65.33333333333333,0
922,19,Male,Secondary,Standard,None,1,0,9.0,83,79,32,64.66666666666667,0
923,21,Female,Secondary,Free/Reduced,None,1,2,11.0,13,40,12,21.666666666666668,1
924,19,Male,Higher,Standard,Completed,1,1,4.0,99,93,98,96.66666666666667,0
925,20,Male,None,Standard,Completed,2,1,0.0,68,3,50,40.333333333333336,0
926,17,Male,None,Standard,None,1,2,6.0,86,1,31,39.333333333333336,1
927,19,Female,Primary,Free/Reduced,Completed,2,3,6.0,78,66,74,72.66666666666667,1
928,21,Female,Primary,Standard,None,2,2,3.0,5,20,23,16.0,1
929,19,Male,Primary,Free/Reduced,None,4,1,4.0,32,69,34,45.0,0
930,19,Male,Higher,Standard,None,1,0,6.0,54,42,82,59.333333333333336,0
931,19,Female,Primary,Standard,Completed,4,0,7.0,18,81,69,56.0,0
932,16,Male,Primary,Standard,Completed,3,0,7.0,76,68,39,61.0,0
933,16,Male,Secondary,Free/Reduced,Completed,3,1,4.0,28,8,53,29.666666666666668,1
934,17,Female,Secondary,Free/Reduced,Completed,3,1,7.0,60,83,43,62.0,0
935,15,Male,Secondary,Standard,None,2,0,4.0,69,27,61,52.333333333333336,0
936,19,Female,None,Standard,None,2,0,8.0,78,25,98,67.0,0
937,20,Male,Secondary,Standard,Completed,2,0,2.0,79,81,67,75.66666666666667,0
938,15,Female,None,Standard,Completed,1,2,5.0,23,82,32,45.666666666666664,1
939,20,Male,None,Standard,Completed,4,0,0.0,22,2,76,33.333333333333336,1
940,15,Male,Higher,Standard,None,2,0,3.0,9,72,55,45.333333333333336,0
941,17,Female,Primary,Standard,Completed,4,0,8.0,53,99,35,62.333333333333336,0
942,19,Male,Secondary,Standard,None,4,0,0.0,40,94,53,62.333333333333336,0
943,19,Female,Secondary,Standard,Completed,4,0,3.0,48,48,18,38.0,1
944,18,Male,Primary,Free/Reduced,None,1,1,0.0,16,16,42,24.666666666666668,1
945,20,Female,Higher,Standard,None,1,1,0.0,55,62,11,42.666666666666664,0
946,15,Female,None,Standard,Completed,3,0,0.0,44,54,10,36.0,1
947,15,Female,Secondary,Free/Reduced,Completed,3,1,6.0,29,22,69,40.0,0
948,16,Female,Higher,Standard,None,4,1,7.0,43,33,11,29.0,1
949,18,Male,Secondary,Standard,Completed,3,0,5.0,73,68,90,77.0,0
950,21,Male,Higher,Standard,None,4,1,3.0,54,14,40,36.0,1
951,21,Female,None,Standard,None,1,0,3.0,18,46,24,29.333333333333332,1
952,16,Female,Secondary,Standard,None,1,1,9.0,28,2,2,10.666666666666666,1
953,16,Female,Primary,Standard,None,1,3,6.0,1,82,2,28.333333333333332,1
954,16,Male,Secondary,Free/Reduced,Completed,2,0,3.0,35,27,83,48.333333333333336,0
955,20,Male,Higher,Standard,Completed,4,1,11.0,18,2,27,15.666666666666666,1
956,20,Male,Primary,Standard,None,1,0,15.0,6,3,22,10.333333333333334,1
957,17,Male,Secondary,Standard,Completed,4,0,0.0,25,87,47,53.0,0
958,17,Female,Primary,Standard,None,3,0,8.0,78,30,66,58.0,0
959,16,Female,Secondary,Standard,Completed,3,0,20.0,37,44,41,40.666666666666664,0
960,18,Female,Secondary,Free/Reduced,Completed,1,2,6.0,2,58,87,49.0,1
961,15,Male,Higher,Standard,None,4,0,6.0,79,44,39,54.0,0
962,20,Male,Secondary,Standard,Completed,1,0,5.0,65,74,5,48.0,0
963,18,Male,Primary,Standard,None,3,1,7.0,94,36,19,49.666666666666664,0
964,19,Female,Primary,Standard,None,1,1,9.0,91,64,10,55.0,0
965,20,Female,Primary,Free/Reduced,None,4,1,0.0,70,8,95,57.666666666666664,0
966,20,Male,Primary,Standard,None,3,1,5.0,93,16,26,45.0,0
967,17,Female,Primary,Standard,None,2,1,0.0,42,64,20,42.0,0
968,15,Male,Higher,Standard,None,3,2,4.0,61,2,12,25.0,1
969,15,Male,Secondary,Free/Reduced,Completed,2,1,0.0,70,25,85,60.0,0
970,21,Female,Secondary,Standard,None,1,0,7.0,99,52,34,61.666666666666664,0
971,21,Male,Primary,Standard,None,1,0,0.0,92,30,46,56.0,0
972,21,Female,Higher,Free/Reduced,None,4,0,2.0,23,25,85,44.333333333333336,0
973,21,Male,Secondary,Free/Reduced,None,2,1,10.0,38,22,27,29.0,1
974,19,Female,None,Standard,Completed,1,0,2.0,67,29,20,38.666666666666664,1
975,19,Female,Secondary,Standard,None,2,0,0.0,92,9,17,39.333333333333336,1
976,20,Female,Secondary,Standard,None,1,2,6.0,43,71,30,48.0,1
977,16,Male,None,Standard,Completed,3,1,2.0,4,88,59,50.333333333333336,0
978,17,Male,Secondary,Standard,None,1,0,4.0,54,63,36,51.0,0
979,17,Female,Secondary,Standard,None,4,1,1.0,92,21,20,44.333333333333336,0
980,21,Female,Primary,Standard,None,3,0,15.0,29,14,13,18.666666666666668,1
981,20,Male,Higher,Standard,None,4,0,0.0,28,55,88,57.0,0
982,18,Male,Higher,Standard,None,3,2,19.0,25,73,90,62.666666666666664,1
983,16,Male,Secondary,Free/Reduced,Completed,2,0,3.0,82,19,59,53.333333333333336,0
984,20,Female,Secondary,Standard,None,4,0,6.0,25,46,22,31.0,1
985,16,Male,Secondary,Standard,Completed,1,0,2.0,36,86,94,72.0,0
986,16,Male,Secondary,Standard,None,2,0,2.0,90,52,28,56.666666666666664,0
987,16,Female,Secondary,Free/Reduced,None,1,1,1.0,93,52,46,63.666666666666664,0
988,20,Male,None,Standard,Completed,3,0,8.0,52,0,29,27.0,1
989,21,Male,Secondary,Standard,Completed,3,0,0.0,29,1,89,39.666666666666664,1
990,17,Male,Higher,Standard,None,1,0,7.0,2,57,83,47.333333333333336,0
991,17,Female,Secondary,Standard,Completed,1,1,0.0,42,18,37,32.333333333333336,1
992,21,Female,None,Standard,None,2,0,6.0,6,61,82,49.666666666666664,0
993,16,Female,Secondary,Standard,Completed,1,0,9.0,48,77,26,50.333333333333336,0
994,18,Female,Primary,Standard,Completed,4,0,0.0,72,71,88,77.0,0
995,15,Female,Primary,Free/Reduced,None,4,0,8.0,40,11,86,45.666666666666664,0
996,20,Female,Primary,Standard,None,1,0,5.0,76,25,92,64.33333333333333,0
997,15,Female,Primary,Standard,None,4,0,13.0,78,26,14,39.333333333333336,1
998,21,Male,Secondary,Free/Reduced,Completed,1,0,1.0,53,28,58,46.333333333333336,0
999,18,Male,Secondary,Standard,None,2,0,19.0,68,14,2,28.0,1
1000,20,Female,Primary,Standard,None,4,0,0.0,92,45,9,48.666666666666664,0
